user_id,amount,impulse_purchase,financial_stress_level,is_late_night,ad_clicked,discount_used,cashback_used,cluster,segment,pca1,pca2
1,6326.805882352941,0.35294117647058826,2.8823529411764706,0.11764705882352941,0.35294117647058826,0.29411764705882354,0.29411764705882354,3,High Risk User,0.6254347521628633,-0.9070077103348436
2,3558.8053333333332,0.26666666666666666,2.2,0.4,0.26666666666666666,0.4,0.13333333333333333,0,Stable Saver,-0.7901259864409442,1.3342928967966519
3,3686.885882352941,0.23529411764705882,4.352941176470588,0.11764705882352941,0.17647058823529413,0.23529411764705882,0.23529411764705882,0,Stable Saver,-0.5571916118500699,-1.1299350389400564
4,3623.3595454545457,0.5454545454545454,3.3636363636363638,0.3181818181818182,0.36363636363636365,0.3181818181818182,0.2727272727272727,1,Emotional Spender,1.2067018067658426,2.1040559225488367
5,5948.135909090909,0.4090909090909091,6.2272727272727275,0.3181818181818182,0.36363636363636365,0.36363636363636365,0.22727272727272727,3,High Risk User,2.8130732598706163,-0.018502951647370078
6,3098.2608333333333,0.375,3.875,0.20833333333333334,0.125,0.375,0.20833333333333334,0,Stable Saver,-0.12978878814424513,-0.1113976111043035
7,3859.2026315789476,0.3157894736842105,3.8421052631578947,0.2631578947368421,0.3684210526315789,0.2631578947368421,0.2631578947368421,1,Emotional Spender,0.19200348362936742,0.8868545679001071
8,3004.6765,0.4,3.95,0.2,0.2,0.3,0.15,0,Stable Saver,0.07305499451199296,0.28007983876471837
9,3792.2250000000004,0.4444444444444444,4.111111111111111,0.2222222222222222,0.16666666666666666,0.3333333333333333,0.2222222222222222,1,Emotional Spender,0.7000915595383982,0.045528256682726004
10,5070.476818181818,0.2727272727272727,3.1818181818181817,0.3181818181818182,0.36363636363636365,0.36363636363636365,0.18181818181818182,3,High Risk User,0.264119361160548,0.478212084569317
11,5189.556363636363,0.45454545454545453,4.515151515151516,0.30303030303030304,0.3333333333333333,0.3939393939393939,0.21212121212121213,3,High Risk User,1.8695522597240057,0.5418540673935409
12,3108.947222222222,0.5555555555555556,4.388888888888889,0.3333333333333333,0.3333333333333333,0.2777777777777778,0.2777777777777778,1,Emotional Spender,1.5353945084554685,2.1688701098299794
13,5647.230454545454,0.3181818181818182,3.6818181818181817,0.22727272727272727,0.22727272727272727,0.36363636363636365,0.3181818181818182,1,Emotional Spender,0.6226024400584166,-0.782359190319214
14,3133.441,0.25,1.1,0.15,0.3,0.25,0.25,2,Offer Hunter,-2.072228930402271,0.534466828230134
15,2115.309285714286,0.2857142857142857,2.9285714285714284,0.14285714285714285,0.2857142857142857,0.42857142857142855,0.35714285714285715,2,Offer Hunter,-1.4267404106364656,0.6881260466147342
16,5408.627222222222,0.2222222222222222,2.2777777777777777,0.16666666666666666,0.3333333333333333,0.3333333333333333,0.3333333333333333,2,Offer Hunter,-0.670500149679639,-0.5655697366258902
17,4531.332173913043,0.2608695652173913,4.260869565217392,0.21739130434782608,0.391304347826087,0.34782608695652173,0.2608695652173913,3,High Risk User,0.3255146832460158,0.10399288548924172
18,3691.819375,0.25,2.5625,0.25,0.3125,0.375,0.25,0,Stable Saver,-0.913463853554934,0.5870238900957684
19,4166.265555555556,0.2222222222222222,3.1666666666666665,0.0,0.16666666666666666,0.3333333333333333,0.2777777777777778,0,Stable Saver,-1.2341181655241096,-1.9369372493913504
20,5029.488888888889,0.3888888888888889,2.5,0.2777777777777778,0.2222222222222222,0.2777777777777778,0.16666666666666666,0,Stable Saver,0.2911080724337469,0.1409129762516132
21,4002.748947368421,0.47368421052631576,3.263157894736842,0.10526315789473684,0.2631578947368421,0.3157894736842105,0.3157894736842105,1,Emotional Spender,0.39638879967713825,0.03275394491440281
22,4798.5408333333335,0.2916666666666667,2.8333333333333335,0.125,0.25,0.3333333333333333,0.20833333333333334,0,Stable Saver,-0.4196951914672536,-0.8927122987475783
23,6136.935555555556,0.3333333333333333,2.611111111111111,0.16666666666666666,0.5,0.4444444444444444,0.2222222222222222,3,High Risk User,0.6180724384806947,-0.010087791803037838
24,5442.339583333333,0.25,2.375,0.20833333333333334,0.25,0.3333333333333333,0.20833333333333334,0,Stable Saver,-0.4487081566804664,-0.7527742073246357
25,4652.834347826087,0.17391304347826086,5.173913043478261,0.30434782608695654,0.13043478260869565,0.2608695652173913,0.34782608695652173,1,Emotional Spender,0.17807781818523133,-0.9524305610041098
26,3720.0578260869565,0.30434782608695654,4.608695652173913,0.21739130434782608,0.34782608695652173,0.5217391304347826,0.13043478260869565,0,Stable Saver,0.413167090395909,0.16019691676112652
27,4081.302,0.2,3.3333333333333335,0.13333333333333333,0.2,0.5333333333333333,0.2,0,Stable Saver,-0.9618860502648157,-1.228498402507645
28,5857.710869565218,0.30434782608695654,4.391304347826087,0.2608695652173913,0.13043478260869565,0.4782608695652174,0.13043478260869565,0,Stable Saver,0.992753310148545,-1.5221083153129085
29,3441.37,0.25,1.5,0.1875,0.375,0.125,0.3125,2,Offer Hunter,-1.6351617394367173,0.9995899594288968
30,5871.243333333334,0.38095238095238093,3.142857142857143,0.38095238095238093,0.23809523809523808,0.38095238095238093,0.14285714285714285,3,High Risk User,1.1359811098461758,0.2089640942878037
31,4292.564761904762,0.19047619047619047,2.619047619047619,0.23809523809523808,0.23809523809523808,0.3333333333333333,0.3333333333333333,2,Offer Hunter,-1.0990504478091536,-0.2132489832396667
32,4015.8981081081083,0.2972972972972973,3.4594594594594597,0.16216216216216217,0.21621621621621623,0.40540540540540543,0.35135135135135137,1,Emotional Spender,-0.3892572737964439,-0.4661950256037957
33,4888.303478260869,0.2608695652173913,2.347826086956522,0.08695652173913043,0.34782608695652173,0.30434782608695654,0.30434782608695654,2,Offer Hunter,-0.7711090411832895,-0.6250453448312776
34,4060.507,0.4,2.7,0.25,0.3,0.3,0.4,1,Emotional Spender,0.04510988113176894,0.9799981960569083
35,4377.374285714286,0.21428571428571427,2.4285714285714284,0.2857142857142857,0.35714285714285715,0.42857142857142855,0.5,2,Offer Hunter,-0.8230565672521238,0.7784363767309131
36,6759.7136842105265,0.42105263157894735,5.157894736842105,0.21052631578947367,0.3684210526315789,0.3157894736842105,0.21052631578947367,3,High Risk User,2.4832426774300065,-0.7737497517993837
37,4813.3448,0.16,2.96,0.32,0.36,0.32,0.08,0,Stable Saver,-0.5379802508628322,0.20811095259450743
38,5226.4047619047615,0.3333333333333333,3.5238095238095237,0.23809523809523808,0.38095238095238093,0.23809523809523808,0.23809523809523808,3,High Risk User,0.6503463567644365,0.2547678828975753
39,4200.7266666666665,0.4166666666666667,2.8333333333333335,0.16666666666666666,0.3333333333333333,0.5,0.16666666666666666,0,Stable Saver,0.22640251503921557,0.29337213021616915
40,2125.5590909090906,0.36363636363636365,1.0909090909090908,0.18181818181818182,0.45454545454545453,0.6363636363636364,0.45454545454545453,2,Offer Hunter,-1.6094589370823271,2.2463506400858884
41,5854.526190476191,0.14285714285714285,3.3333333333333335,0.14285714285714285,0.42857142857142855,0.3333333333333333,0.2857142857142857,2,Offer Hunter,-0.3319492727373553,-0.9714349590474011
42,6280.264400000001,0.44,6.04,0.28,0.32,0.44,0.12,3,High Risk User,2.938519006989139,-0.6009635073798651
43,3894.9847619047623,0.38095238095238093,1.5238095238095237,0.2857142857142857,0.38095238095238093,0.3333333333333333,0.2857142857142857,2,Offer Hunter,-0.5001025769665037,1.6764914653898086
44,5224.143703703704,0.25925925925925924,5.111111111111111,0.2962962962962963,0.2222222222222222,0.2222222222222222,0.2962962962962963,1,Emotional Spender,0.9310002250824131,-0.591881128397335
45,6331.216470588235,0.47058823529411764,5.529411764705882,0.23529411764705882,0.23529411764705882,0.5882352941176471,0.23529411764705882,3,High Risk User,2.6954996447298614,-1.061805488308294
46,3653.3380769230766,0.46153846153846156,3.6538461538461537,0.23076923076923078,0.19230769230769232,0.2692307692307692,0.46153846153846156,1,Emotional Spender,0.4938520675525597,0.6591598083427357
47,4284.011052631579,0.3684210526315789,3.526315789473684,0.2631578947368421,0.3157894736842105,0.3684210526315789,0.15789473684210525,3,High Risk User,0.4761164894218077,0.5253875949012252
48,3218.8992857142853,0.5,2.7857142857142856,0.42857142857142855,0.35714285714285715,0.35714285714285715,0.2857142857142857,1,Emotional Spender,0.7257611760285831,2.871011611600041
49,4203.163461538462,0.34615384615384615,1.5384615384615385,0.23076923076923078,0.3076923076923077,0.2692307692307692,0.2692307692307692,2,Offer Hunter,-0.7521522053948869,0.7762159161063004
50,4873.2456,0.32,2.88,0.24,0.16,0.08,0.24,1,Emotional Spender,-0.15427329128030204,-0.4156570489121908
51,1974.618125,0.375,2.875,0.25,0.625,0.25,0.3125,2,Offer Hunter,-0.4599633930742929,3.286558348358481
52,3789.337619047619,0.2857142857142857,3.142857142857143,0.14285714285714285,0.2857142857142857,0.3333333333333333,0.23809523809523808,2,Offer Hunter,-0.6399487334936474,-0.1966387377948766
53,4351.7065625000005,0.1875,2.0625,0.1875,0.375,0.34375,0.3125,2,Offer Hunter,-1.292512162471088,0.15238210538173558
54,7194.9675,0.3125,5.8125,0.1875,0.125,0.375,0.4375,1,Emotional Spender,2.0276032911386923,-2.526308109329948
55,2904.5747368421053,0.21052631578947367,1.736842105263158,0.15789473684210525,0.47368421052631576,0.21052631578947367,0.21052631578947367,2,Offer Hunter,-1.8523895583958652,1.2251408209821812
56,4986.882941176471,0.17647058823529413,1.0588235294117647,0.11764705882352941,0.29411764705882354,0.35294117647058826,0.29411764705882354,2,Offer Hunter,-1.8009549622984717,-0.8030368276748728
57,4135.939333333333,0.2,2.933333333333333,0.26666666666666666,0.13333333333333333,0.26666666666666666,0.4,1,Emotional Spender,-1.05247347115472,-0.38207253463504964
58,4064.222666666667,0.4666666666666667,3.6,0.2,0.4666666666666667,0.3333333333333333,0.13333333333333333,3,High Risk User,1.0041576381906208,1.2409808944629397
59,4031.6229999999996,0.45,2.8,0.2,0.35,0.5,0.35,1,Emotional Spender,0.3616299600848213,0.919292003711682
60,6920.17,0.3888888888888889,5.277777777777778,0.1111111111111111,0.2777777777777778,0.3333333333333333,0.2222222222222222,3,High Risk User,2.1413126900121404,-1.975748985459857
61,5210.826153846154,0.5384615384615384,5.076923076923077,0.07692307692307693,0.15384615384615385,0.46153846153846156,0.15384615384615385,3,High Risk User,1.9928942320249157,-1.546919621442071
62,3615.6184210526317,0.3157894736842105,3.1052631578947367,0.21052631578947367,0.5263157894736842,0.3684210526315789,0.21052631578947367,2,Offer Hunter,-0.14948623710078454,1.4446515581431374
63,5101.4592,0.4,4.56,0.24,0.48,0.24,0.2,3,High Risk User,1.5860376838348789,0.766266796723929
64,4251.867222222222,0.16666666666666666,1.6666666666666667,0.1111111111111111,0.3333333333333333,0.2222222222222222,0.2777777777777778,2,Offer Hunter,-1.842946430591458,-0.40407437587327194
65,5595.0,0.42857142857142855,2.5714285714285716,0.2857142857142857,0.35714285714285715,0.35714285714285715,0.2857142857142857,1,Emotional Spender,0.9235857199771903,0.7122660260959073
66,5585.105454545454,0.2727272727272727,4.136363636363637,0.045454545454545456,0.4090909090909091,0.3181818181818182,0.22727272727272727,3,High Risk User,0.4501401523625883,-1.2846798846822476
67,5270.8772222222215,0.2777777777777778,4.166666666666667,0.16666666666666666,0.4444444444444444,0.2222222222222222,0.2222222222222222,3,High Risk User,0.6190014953384634,-0.2006020681403748
68,6163.807368421052,0.42105263157894735,3.3157894736842106,0.21052631578947367,0.47368421052631576,0.5263157894736842,0.3684210526315789,3,High Risk User,1.4756921257099676,0.3532250831878569
69,3135.002941176471,0.47058823529411764,2.1176470588235294,0.35294117647058826,0.35294117647058826,0.4117647058823529,0.35294117647058826,1,Emotional Spender,0.057417522301329474,2.5018599041826888
70,4180.30551724138,0.5862068965517241,5.551724137931035,0.20689655172413793,0.41379310344827586,0.3793103448275862,0.3448275862068966,3,High Risk User,2.550021648491711,1.1711258408449594
71,2349.339047619048,0.14285714285714285,2.0476190476190474,0.09523809523809523,0.2857142857142857,0.3333333333333333,0.38095238095238093,2,Offer Hunter,-2.6397724961078732,0.07026834707056681
72,5354.659090909091,0.2727272727272727,1.5,0.09090909090909091,0.36363636363636365,0.5,0.36363636363636365,2,Offer Hunter,-0.881895078299614,-0.6071980507399076
73,5454.8215,0.3,4.25,0.2,0.3,0.3,0.05,3,High Risk User,0.803899645367834,-0.8839019538947409
74,4440.262631578948,0.3157894736842105,2.9473684210526314,0.3157894736842105,0.3684210526315789,0.15789473684210525,0.3157894736842105,1,Emotional Spender,0.06104444822816442,1.1884414011739028
75,5400.0085714285715,0.3333333333333333,4.428571428571429,0.14285714285714285,0.19047619047619047,0.47619047619047616,0.19047619047619047,0,Stable Saver,0.8138679358295827,-1.5916171154491106
76,2504.9185,0.3,1.45,0.05,0.5,0.45,0.25,2,Offer Hunter,-1.8099636377426354,1.1431645992759485
77,4054.388461538462,0.34615384615384615,2.1153846153846154,0.23076923076923078,0.34615384615384615,0.38461538461538464,0.2692307692307692,2,Offer Hunter,-0.46752006182766426,0.8562601195073423
78,4683.942962962963,0.2222222222222222,1.4074074074074074,0.07407407407407407,0.2222222222222222,0.4074074074074074,0.3333333333333333,2,Offer Hunter,-1.672158127253647,-1.1576294788320283
79,5866.290357142857,0.32142857142857145,3.7857142857142856,0.07142857142857142,0.2857142857142857,0.42857142857142855,0.25,3,High Risk User,0.5781088997950722,-1.6444085376738051
80,3474.9525,0.25,1.5,0.16666666666666666,0.08333333333333333,0.25,0.3333333333333333,0,Stable Saver,-1.9774557433836457,-0.5172365502672741
81,5625.972777777778,0.2777777777777778,3.111111111111111,0.16666666666666666,0.1111111111111111,0.3333333333333333,0.16666666666666666,0,Stable Saver,-0.09806218189311637,-1.802234266906084
82,3344.223076923077,0.23076923076923078,0.7692307692307693,0.15384615384615385,0.3076923076923077,0.38461538461538464,0.07692307692307693,0,Stable Saver,-2.1702950769042615,0.27070753421846566
83,5013.546785714286,0.35714285714285715,3.892857142857143,0.17857142857142858,0.17857142857142858,0.25,0.2857142857142857,1,Emotional Spender,0.5176914106624719,-0.8765482584870877
84,5099.337083333333,0.4583333333333333,4.375,0.375,0.5,0.3333333333333333,0.16666666666666666,3,High Risk User,2.112488703402224,1.8008768083396138
85,4317.909047619048,0.23809523809523808,1.9523809523809523,0.14285714285714285,0.23809523809523808,0.3333333333333333,0.19047619047619047,0,Stable Saver,-1.3029478917689967,-0.6396267257144403
86,4846.565217391304,0.34782608695652173,3.130434782608696,0.21739130434782608,0.4782608695652174,0.43478260869565216,0.08695652173913043,3,High Risk User,0.5284288248856575,0.6396764272767698
87,4690.103181818182,0.5454545454545454,4.136363636363637,0.22727272727272727,0.45454545454545453,0.36363636363636365,0.22727272727272727,3,High Risk User,1.960665321109637,1.2711812679270094
88,3820.437619047619,0.2857142857142857,2.4285714285714284,0.23809523809523808,0.19047619047619047,0.42857142857142855,0.38095238095238093,1,Emotional Spender,-0.9172129923174934,0.12397250066699037
89,4029.106896551724,0.3793103448275862,2.2758620689655173,0.27586206896551724,0.3103448275862069,0.3793103448275862,0.3103448275862069,1,Emotional Spender,-0.18796956775592355,1.0872194248158837
90,3756.805714285714,0.23809523809523808,2.380952380952381,0.23809523809523808,0.38095238095238093,0.38095238095238093,0.19047619047619047,2,Offer Hunter,-0.9684098746308462,0.7382274708191005
91,4191.465806451613,0.1935483870967742,3.129032258064516,0.12903225806451613,0.3225806451612903,0.3548387096774194,0.2903225806451613,2,Offer Hunter,-0.9721509312919778,-0.5583213707541295
92,5107.726842105263,0.5789473684210527,5.7894736842105265,0.0,0.21052631578947367,0.5263157894736842,0.42105263157894735,1,Emotional Spender,2.3839172671482647,-1.4971062884276671
93,5904.544666666667,0.4,2.066666666666667,0.2,0.06666666666666667,0.6,0.4,1,Emotional Spender,0.17338859760453096,-1.2928752142679105
94,3655.8199999999997,0.3,1.1,0.4,0.5,0.25,0.3,2,Offer Hunter,-0.9022081201869453,2.884250407257809
95,4850.196842105263,0.15789473684210525,1.0,0.05263157894736842,0.3684210526315789,0.3684210526315789,0.3684210526315789,2,Offer Hunter,-2.0362161813575277,-0.776518669468313
96,5289.005882352942,0.058823529411764705,4.705882352941177,0.058823529411764705,0.29411764705882354,0.47058823529411764,0.11764705882352941,0,Stable Saver,-0.5966110642135356,-2.553191495461638
97,6646.958518518519,0.3333333333333333,4.814814814814815,0.25925925925925924,0.4074074074074074,0.37037037037037035,0.2222222222222222,3,High Risk User,1.9447388694259713,-0.48985768501592625
98,5013.959999999999,0.23529411764705882,2.9411764705882355,0.23529411764705882,0.23529411764705882,0.35294117647058826,0.17647058823529413,0,Stable Saver,-0.3810956901607511,-0.6462780488702508
99,6014.660000000001,0.2631578947368421,1.8421052631578947,0.15789473684210525,0.21052631578947367,0.3684210526315789,0.5263157894736842,1,Emotional Spender,-0.6127059021464366,-1.1037111810039129
100,4614.481333333333,0.2,2.8,0.2,0.13333333333333333,0.4666666666666667,0.2,0,Stable Saver,-0.9680194094110876,-1.2574054395846819
101,5331.625925925926,0.4074074074074074,4.481481481481482,0.14814814814814814,0.18518518518518517,0.4074074074074074,0.25925925925925924,1,Emotional Spender,1.1856335048507078,-1.2291056866026961
102,5083.258,0.3333333333333333,2.7333333333333334,0.3333333333333333,0.4,0.4,0.3333333333333333,1,Emotional Spender,0.4204263569443203,1.1167963595499482
103,3843.4356521739132,0.21739130434782608,1.6521739130434783,0.17391304347826086,0.43478260869565216,0.43478260869565216,0.2608695652173913,2,Offer Hunter,-1.463353189866083,0.663132497636945
104,5377.458823529412,0.4117647058823529,2.8823529411764706,0.17647058823529413,0.47058823529411764,0.47058823529411764,0.17647058823529413,3,High Risk User,0.8654732894754616,0.4204971813112765
105,4400.37,0.25,3.25,0.0,0.25,0.6666666666666666,0.3333333333333333,0,Stable Saver,-0.8060829100095741,-1.7192316956670848
106,3122.6985714285715,0.14285714285714285,1.6428571428571428,0.21428571428571427,0.42857142857142855,0.42857142857142855,0.14285714285714285,2,Offer Hunter,-2.0632301729547984,0.878447156174209
107,6286.3904999999995,0.7,7.9,0.2,0.4,0.3,0.1,3,High Risk User,5.157528813020411,-0.16636119592325538
108,4603.983571428571,0.21428571428571427,1.4285714285714286,0.17857142857142858,0.25,0.32142857142857145,0.2857142857142857,2,Offer Hunter,-1.512024627724954,-0.40003882632708004
109,7488.151,0.5,6.85,0.25,0.25,0.6,0.25,3,High Risk User,4.001359459183305,-1.5955511144500423
110,3402.383846153846,0.2692307692307692,2.8461538461538463,0.2692307692307692,0.2692307692307692,0.38461538461538464,0.3076923076923077,1,Emotional Spender,-0.813985619581778,0.6952343288597957
111,4355.710588235294,0.35294117647058826,2.823529411764706,0.17647058823529413,0.35294117647058826,0.5882352941176471,0.5294117647058824,1,Emotional Spender,-0.08433046202593787,0.4358489410145472
112,4742.844444444445,0.48148148148148145,4.703703703703703,0.18518518518518517,0.48148148148148145,0.3333333333333333,0.25925925925925924,3,High Risk User,1.8508386230644298,0.8550926113831256
113,5885.077499999999,0.375,6.708333333333333,0.16666666666666666,0.08333333333333333,0.3333333333333333,0.2916666666666667,1,Emotional Spender,2.2085391294764456,-2.290048681186353
114,5825.633181818182,0.36363636363636365,3.909090909090909,0.3181818181818182,0.18181818181818182,0.22727272727272727,0.22727272727272727,1,Emotional Spender,1.1642648644273188,-0.4399571520789072
115,4895.634166666667,0.5416666666666666,5.625,0.041666666666666664,0.4166666666666667,0.2916666666666667,0.25,3,High Risk User,2.329983933403596,-0.325514146676372
116,5778.377222222222,0.3333333333333333,3.611111111111111,0.3333333333333333,0.2222222222222222,0.5,0.3333333333333333,1,Emotional Spender,0.939156475253112,-0.2356205816768158
117,3322.388333333334,0.25,1.4166666666666667,0.25,0.3333333333333333,0.3333333333333333,0.08333333333333333,0,Stable Saver,-1.562002163983864,0.9428909701825716
118,5038.773809523809,0.38095238095238093,4.0,0.23809523809523808,0.38095238095238093,0.14285714285714285,0.42857142857142855,1,Emotional Spender,1.0000345271340485,0.624249474554537
119,3082.5517391304347,0.30434782608695654,2.130434782608696,0.30434782608695654,0.30434782608695654,0.2608695652173913,0.30434782608695654,2,Offer Hunter,-1.0154075052649603,1.5195417173948036
120,4967.171818181818,0.3181818181818182,3.909090909090909,0.18181818181818182,0.36363636363636365,0.4090909090909091,0.22727272727272727,3,High Risk User,0.558609527143298,-0.2525753112614441
121,4273.56,0.125,1.6875,0.25,0.25,0.375,0.4375,2,Offer Hunter,-1.8893111599875803,-0.049211513166418745
122,6358.847857142857,0.2857142857142857,5.142857142857143,0.21428571428571427,0.2857142857142857,0.6428571428571429,0.07142857142857142,3,High Risk User,1.5915754827682724,-1.6609922655451677
123,2444.3638095238093,0.3333333333333333,1.4285714285714286,0.38095238095238093,0.2857142857142857,0.42857142857142855,0.38095238095238093,1,Emotional Spender,-1.3189500151510316,2.390530740285426
124,4318.276086956522,0.17391304347826086,2.4347826086956523,0.13043478260869565,0.34782608695652173,0.13043478260869565,0.391304347826087,2,Offer Hunter,-1.3953824335387004,-0.225509072051453
125,3978.2176470588233,0.35294117647058826,3.0,0.23529411764705882,0.35294117647058826,0.11764705882352941,0.29411764705882354,2,Offer Hunter,-0.07220768921782177,0.9706832752424593
126,4237.715333333333,0.06666666666666667,2.2,0.06666666666666667,0.4,0.4,0.26666666666666666,2,Offer Hunter,-2.1004792524810125,-0.876262367682212
127,4065.5183999999995,0.44,4.84,0.16,0.36,0.44,0.08,3,High Risk User,1.2950243191352067,0.10250008619518466
128,4079.0045,0.3,4.4,0.1,0.5,0.25,0.35,2,Offer Hunter,0.2853030114003418,0.34664101044725426
129,2884.6073333333334,0.4,2.8,0.2,0.26666666666666666,0.4666666666666667,0.4,1,Emotional Spender,-0.481707942229834,0.9824910888822223
130,5100.18,0.45,3.7,0.4,0.3,0.2,0.35,1,Emotional Spender,1.4927965599105206,1.362413456939014
131,3401.112857142857,0.38095238095238093,2.380952380952381,0.3333333333333333,0.23809523809523808,0.23809523809523808,0.38095238095238093,1,Emotional Spender,-0.3972061837103852,1.516136692749909
132,5455.149333333334,0.3333333333333333,3.4,0.3333333333333333,0.26666666666666666,0.26666666666666666,0.13333333333333333,3,High Risk User,0.7608524267056108,0.1058836150073784
133,4313.2585714285715,0.2857142857142857,4.0476190476190474,0.23809523809523808,0.19047619047619047,0.14285714285714285,0.23809523809523808,1,Emotional Spender,0.04443376478298762,-0.38094302582229894
134,3362.8613636363634,0.4090909090909091,2.5,0.18181818181818182,0.45454545454545453,0.3181818181818182,0.3181818181818182,2,Offer Hunter,-0.21306178522280714,1.5958259258195167
135,5140.829130434783,0.43478260869565216,2.4782608695652173,0.13043478260869565,0.2608695652173913,0.4782608695652174,0.30434782608695654,1,Emotional Spender,0.3429067865322769,-0.4420102526883934
136,5844.57052631579,0.42105263157894735,3.8421052631578947,0.15789473684210525,0.21052631578947367,0.3157894736842105,0.2631578947368421,1,Emotional Spender,1.1857451138036508,-1.0864521920436578
137,5646.963157894737,0.3684210526315789,2.8421052631578947,0.2631578947368421,0.42105263157894735,0.5263157894736842,0.15789473684210525,3,High Risk User,0.8431843490911071,0.40415342194840925
138,4713.57875,0.4375,3.1875,0.4375,0.375,0.4375,0.125,3,High Risk User,1.274436102876079,1.8433711312973768
139,3359.7093333333332,0.2,1.5333333333333334,0.13333333333333333,0.4,0.2,0.06666666666666667,2,Offer Hunter,-1.9243457584577228,0.4120230890805962
140,4905.77,0.3684210526315789,1.4736842105263157,0.2631578947368421,0.3684210526315789,0.2631578947368421,0.10526315789473684,2,Offer Hunter,-0.21376461871890823,0.856242475002838
141,4130.403181818182,0.4090909090909091,3.9545454545454546,0.18181818181818182,0.4090909090909091,0.22727272727272727,0.3181818181818182,1,Emotional Spender,0.7304971433680023,0.8067573593052573
142,5937.253333333333,0.5555555555555556,6.444444444444445,0.1111111111111111,0.3333333333333333,0.2777777777777778,0.16666666666666666,3,High Risk User,3.272430748769992,-0.9577183232774962
143,7717.684666666667,0.4,5.133333333333334,0.13333333333333333,0.4,0.13333333333333333,0.4,3,High Risk User,2.5566881334416376,-1.3424049731757006
144,5061.907333333334,0.3333333333333333,2.8,0.4,0.4,0.5333333333333333,0.06666666666666667,3,High Risk User,0.6558979781507085,1.2076539978646166
145,5351.391904761905,0.38095238095238093,4.0,0.19047619047619047,0.19047619047619047,0.23809523809523808,0.42857142857142855,1,Emotional Spender,0.8346733711696055,-0.7241947057373512
146,5326.804761904762,0.42857142857142855,4.571428571428571,0.14285714285714285,0.23809523809523808,0.3333333333333333,0.2857142857142857,1,Emotional Spender,1.3719573439734405,-0.903919551052971
147,3423.3952000000004,0.2,1.76,0.16,0.2,0.36,0.32,2,Offer Hunter,-1.9966279079232023,-0.2765657108840162
148,5161.956999999999,0.36666666666666664,3.2666666666666666,0.1,0.36666666666666664,0.3333333333333333,0.3,2,Offer Hunter,0.40479331980496075,-0.44000236240978413
149,3640.0364705882353,0.11764705882352941,1.2352941176470589,0.17647058823529413,0.23529411764705882,0.23529411764705882,0.23529411764705882,2,Offer Hunter,-2.5378728310454313,-0.29652130412456956
150,4432.72375,0.2916666666666667,5.041666666666667,0.125,0.25,0.4166666666666667,0.125,0,Stable Saver,0.5359580209114491,-1.2400517276189977
151,5871.6332142857145,0.39285714285714285,2.0714285714285716,0.35714285714285715,0.25,0.5357142857142857,0.17857142857142858,0,Stable Saver,0.670684907960794,0.30667838970307426
152,3811.278333333333,0.3333333333333333,2.875,0.16666666666666666,0.25,0.5,0.3333333333333333,1,Emotional Spender,-0.4918014789143543,-0.031472682807837625
153,3492.781578947369,0.21052631578947367,2.8421052631578947,0.21052631578947367,0.2631578947368421,0.3157894736842105,0.10526315789473684,0,Stable Saver,-1.1794881363551826,-0.050487557498040375
154,4669.022380952381,0.2857142857142857,3.0,0.0,0.2857142857142857,0.42857142857142855,0.14285714285714285,0,Stable Saver,-0.5862233486116513,-1.5652752926105813
155,6243.275652173913,0.30434782608695654,4.391304347826087,0.2608695652173913,0.21739130434782608,0.43478260869565216,0.21739130434782608,3,High Risk User,1.219684047009807,-1.2092468945260348
156,3600.685217391304,0.34782608695652173,3.6956521739130435,0.17391304347826086,0.21739130434782608,0.21739130434782608,0.34782608695652173,1,Emotional Spender,-0.18063333524178202,0.01834192495393944
157,5751.4557894736845,0.47368421052631576,5.105263157894737,0.10526315789473684,0.47368421052631576,0.3157894736842105,0.15789473684210525,3,High Risk User,2.268703215716675,-0.3083863964588595
158,4308.145625,0.34375,2.78125,0.3125,0.28125,0.4375,0.3125,1,Emotional Spender,0.023818556737538493,0.8049417140316414
159,4377.92375,0.375,5.208333333333333,0.2916666666666667,0.25,0.16666666666666666,0.25,1,Emotional Spender,1.2832367275005099,0.24836546382651303
160,4805.811111111111,0.3333333333333333,2.9444444444444446,0.16666666666666666,0.2222222222222222,0.3333333333333333,0.3333333333333333,1,Emotional Spender,-0.12070177761353955,-0.5541997343417333
161,5290.717083333334,0.3333333333333333,2.375,0.2916666666666667,0.25,0.3333333333333333,0.20833333333333334,0,Stable Saver,0.09593664571463886,0.07900463903516652
162,5244.6178260869565,0.17391304347826086,2.9565217391304346,0.08695652173913043,0.2608695652173913,0.4782608695652174,0.17391304347826086,0,Stable Saver,-0.8385571970417192,-1.7839889663557296
163,4316.262692307692,0.3076923076923077,3.1153846153846154,0.34615384615384615,0.19230769230769232,0.34615384615384615,0.19230769230769232,0,Stable Saver,-0.032705549276437595,0.36111681746079094
164,4329.7555555555555,0.2777777777777778,2.2222222222222223,0.16666666666666666,0.4444444444444444,0.3888888888888889,0.2222222222222222,2,Offer Hunter,-0.6695901330796277,0.5133502415881473
165,5905.177647058824,0.17647058823529413,2.235294117647059,0.17647058823529413,0.11764705882352941,0.23529411764705882,0.058823529411764705,0,Stable Saver,-0.9212854430140625,-2.0528575735042995
166,4275.870454545454,0.5909090909090909,5.318181818181818,0.22727272727272727,0.3181818181818182,0.5454545454545454,0.4090909090909091,1,Emotional Spender,2.4454906863362424,0.837672314579813
167,3888.816,0.15,2.8,0.15,0.3,0.45,0.2,0,Stable Saver,-1.4351624534036462,-0.6013992417844706
168,2225.164210526316,0.21052631578947367,3.1578947368421053,0.15789473684210525,0.21052631578947367,0.3157894736842105,0.15789473684210525,0,Stable Saver,-1.7086630284985784,-0.014997522949153458
169,4998.961538461538,0.3076923076923077,3.230769230769231,0.23076923076923078,0.23076923076923078,0.3076923076923077,0.3076923076923077,1,Emotional Spender,0.08997145950090142,-0.3701796749255868
170,4428.63,0.42857142857142855,2.5238095238095237,0.19047619047619047,0.38095238095238093,0.3333333333333333,0.38095238095238093,1,Emotional Spender,0.2522409357888152,0.9122818701324001
171,4817.80375,0.5,3.4583333333333335,0.2916666666666667,0.4166666666666667,0.4166666666666667,0.20833333333333334,3,High Risk User,1.5322035199061654,1.3540724440496352
172,6277.787619047619,0.23809523809523808,2.6666666666666665,0.23809523809523808,0.2857142857142857,0.2857142857142857,0.19047619047619047,0,Stable Saver,0.05709475661564819,-0.890714293248358
173,2817.2357142857145,0.35714285714285715,2.7142857142857144,0.2857142857142857,0.35714285714285715,0.5,0.21428571428571427,0,Stable Saver,-0.46593519586780974,1.6342235863800565
174,4335.666363636364,0.4090909090909091,3.590909090909091,0.13636363636363635,0.22727272727272727,0.4090909090909091,0.09090909090909091,0,Stable Saver,0.42806102600937807,-0.6152920256089532
175,3314.621578947368,0.3157894736842105,1.631578947368421,0.3684210526315789,0.15789473684210525,0.3684210526315789,0.15789473684210525,0,Stable Saver,-1.0953036123727125,1.065452252389953
176,3936.8117647058825,0.29411764705882354,2.0,0.23529411764705882,0.23529411764705882,0.7058823529411765,0.23529411764705882,0,Stable Saver,-0.9020355279077918,0.09060596926015634
177,5197.267826086956,0.391304347826087,3.9565217391304346,0.34782608695652173,0.43478260869565216,0.4782608695652174,0.30434782608695654,3,High Risk User,1.4580327841482894,1.2028310307073502
178,5767.6428000000005,0.36,3.76,0.16,0.24,0.24,0.2,3,High Risk User,0.8252317698138886,-1.0988883166665329
179,5441.192857142857,0.19047619047619047,5.0,0.0,0.23809523809523808,0.5714285714285714,0.2857142857142857,0,Stable Saver,0.11900094119649911,-2.7681050792993784
180,3063.9216666666666,0.16666666666666666,1.2777777777777777,0.2222222222222222,0.2777777777777778,0.4444444444444444,0.2777777777777778,0,Stable Saver,-2.321481270852738,0.5176338042447659
181,4776.233888888889,0.4444444444444444,2.3333333333333335,0.2777777777777778,0.4444444444444444,0.2222222222222222,0.16666666666666666,3,High Risk User,0.6519333280969032,1.5114910657666054
182,5533.9825,0.25,1.25,0.3125,0.3125,0.3125,0.125,0,Stable Saver,-0.672008339827387,0.25020452161977713
183,4860.620434782609,0.391304347826087,4.173913043478261,0.17391304347826086,0.391304347826087,0.30434782608695654,0.30434782608695654,3,High Risk User,1.0167458472720459,0.18430808425729767
184,4658.753,0.45,3.25,0.25,0.25,0.4,0.2,3,High Risk User,0.827458085991888,0.30182123963465085
185,4467.517647058824,0.29411764705882354,2.9411764705882355,0.35294117647058826,0.23529411764705882,0.4117647058823529,0.17647058823529413,0,Stable Saver,-0.05123911199571569,0.4663872903541376
186,2948.922941176471,0.4117647058823529,1.2941176470588236,0.35294117647058826,0.35294117647058826,0.23529411764705882,0.4117647058823529,1,Emotional Spender,-0.7779928508511771,2.695746559280633
187,4557.83705882353,0.35294117647058826,5.294117647058823,0.29411764705882354,0.35294117647058826,0.23529411764705882,0.17647058823529413,3,High Risk User,1.4307581279341943,0.4613281214586259
188,3948.3410000000003,0.25,3.2,0.15,0.3,0.55,0.15,0,Stable Saver,-0.6503330644559887,-0.47871819574393026
189,3799.735882352941,0.058823529411764705,3.1176470588235294,0.23529411764705882,0.17647058823529413,0.29411764705882354,0.23529411764705882,0,Stable Saver,-1.8244740876970142,-0.8552049931640775
190,4403.2525,0.20833333333333334,1.5,0.08333333333333333,0.375,0.4166666666666667,0.16666666666666666,2,Offer Hunter,-1.5822418423703664,-0.48459098825463237
191,4798.382,0.26666666666666666,5.2,0.2,0.2,0.4,0.26666666666666666,1,Emotional Spender,0.6743286060087108,-1.1734840621061235
192,4895.859411764706,0.4117647058823529,3.0,0.29411764705882354,0.35294117647058826,0.29411764705882354,0.29411764705882354,1,Emotional Spender,0.7569120667746143,0.9814018023922743
193,4119.371499999999,0.3,1.5,0.3,0.3,0.25,0.3,2,Offer Hunter,-0.9409336641870312,1.087148006584322
194,4768.56238095238,0.3333333333333333,2.9523809523809526,0.19047619047619047,0.42857142857142855,0.19047619047619047,0.2857142857142857,2,Offer Hunter,0.13455826175204877,0.5772932339120095
195,4636.231333333333,0.2,2.6666666666666665,0.13333333333333333,0.26666666666666666,0.4666666666666667,0.2,0,Stable Saver,-0.9969815395628835,-1.02994909848092
196,5233.645,0.1875,2.8125,0.125,0.0625,0.375,0.1875,0,Stable Saver,-1.017318298608836,-2.3228980321571107
197,4253.707037037037,0.18518518518518517,3.1481481481481484,0.2222222222222222,0.2222222222222222,0.25925925925925924,0.18518518518518517,0,Stable Saver,-0.915096065179358,-0.5655977314339723
198,4052.8289655172416,0.2413793103448276,3.103448275862069,0.20689655172413793,0.27586206896551724,0.3793103448275862,0.2413793103448276,0,Stable Saver,-0.6737180921208145,-0.14245536642373496
199,6639.503043478261,0.30434782608695654,1.608695652173913,0.17391304347826086,0.2608695652173913,0.43478260869565216,0.08695652173913043,0,Stable Saver,-0.051945420686315254,-1.3177044447065829
200,6189.475882352941,0.17647058823529413,5.823529411764706,0.17647058823529413,0.23529411764705882,0.35294117647058826,0.11764705882352941,3,High Risk User,1.072184960657734,-2.3174097104522415
201,5060.266111111111,0.4444444444444444,4.722222222222222,0.05555555555555555,0.2777777777777778,0.2777777777777778,0.2777777777777778,3,High Risk User,1.2949031863800184,-1.0688349845131313
202,3028.200714285714,0.35714285714285715,2.5,0.21428571428571427,0.5,0.35714285714285715,0.21428571428571427,2,Offer Hunter,-0.4823349017716385,1.8767510860971754
203,3149.6108333333336,0.25,1.8333333333333333,0.125,0.3333333333333333,0.4166666666666667,0.2916666666666667,2,Offer Hunter,-1.6988792321361539,0.34600212496087124
204,4007.7783333333336,0.6666666666666666,3.1666666666666665,0.16666666666666666,0.4166666666666667,0.5,0.3333333333333333,3,High Risk User,1.7112373298269876,1.6483795129793088
205,4361.0585,0.45,3.05,0.35,0.45,0.3,0.2,3,High Risk User,1.0112485930298234,2.0360338894020127
206,4918.069583333333,0.4166666666666667,4.083333333333333,0.25,0.3333333333333333,0.4166666666666667,0.3333333333333333,1,Emotional Spender,1.2238880003481107,0.40779788306637066
207,5319.351176470588,0.23529411764705882,2.5294117647058822,0.11764705882352941,0.29411764705882354,0.23529411764705882,0.29411764705882354,2,Offer Hunter,-0.6612400441404647,-0.9799722689842786
208,3679.153684210526,0.42105263157894735,5.0,0.05263157894736842,0.2631578947368421,0.3684210526315789,0.3684210526315789,1,Emotional Spender,0.721616453652275,-0.5937889778609013
209,4443.174705882353,0.47058823529411764,2.823529411764706,0.17647058823529413,0.35294117647058826,0.35294117647058826,0.29411764705882354,1,Emotional Spender,0.5937955023512437,0.6882355271377353
210,5562.59705882353,0.29411764705882354,2.411764705882353,0.11764705882352941,0.35294117647058826,0.23529411764705882,0.29411764705882354,2,Offer Hunter,-0.2366458495304071,-0.617005294744535
211,3558.726111111111,0.3888888888888889,2.5,0.2222222222222222,0.2777777777777778,0.6111111111111112,0.2222222222222222,0,Stable Saver,-0.29327917365689826,0.6352419583689323
212,5307.9913043478255,0.30434782608695654,3.260869565217391,0.13043478260869565,0.17391304347826086,0.391304347826087,0.21739130434782608,0,Stable Saver,-0.008174336510455736,-1.508496694356596
213,5457.551904761905,0.3333333333333333,2.8095238095238093,0.23809523809523808,0.42857142857142855,0.42857142857142855,0.19047619047619047,3,High Risk User,0.49836670659325405,0.35266064857353385
214,3557.558387096774,0.2903225806451613,2.3548387096774195,0.22580645161290322,0.41935483870967744,0.3870967741935484,0.3548387096774194,2,Offer Hunter,-0.7961888549645798,1.2466556055055547
215,3616.7805263157898,0.2631578947368421,2.736842105263158,0.21052631578947367,0.15789473684210525,0.2631578947368421,0.3157894736842105,1,Emotional Spender,-1.0763176403312005,-0.190806395772331
216,7596.666470588236,0.5294117647058824,5.823529411764706,0.17647058823529413,0.29411764705882354,0.29411764705882354,0.23529411764705882,3,High Risk User,3.5650123327702876,-1.4525998139636955
217,3375.9515,0.2,1.9,0.25,0.35,0.3,0.05,0,Stable Saver,-1.5547557995515393,0.7335781087424773
218,4557.165238095238,0.2857142857142857,3.4285714285714284,0.23809523809523808,0.19047619047619047,0.42857142857142855,0.23809523809523808,0,Stable Saver,-0.10434432688041514,-0.5318846624623649
219,3505.2035294117645,0.17647058823529413,2.411764705882353,0.23529411764705882,0.17647058823529413,0.17647058823529413,0.47058823529411764,1,Emotional Spender,-1.7276525820410293,0.05583939959875886
220,5645.755625,0.4375,4.5,0.1875,0.25,0.4375,0.1875,3,High Risk User,1.6535153290672384,-0.8342370991885384
221,5091.67,0.5263157894736842,3.5789473684210527,0.21052631578947367,0.3157894736842105,0.6842105263157895,0.3157894736842105,3,High Risk User,1.5975102041783815,0.300026838399575
222,4613.004210526316,0.15789473684210525,2.6842105263157894,0.0,0.42105263157894735,0.3684210526315789,0.3684210526315789,2,Offer Hunter,-1.3560492077560866,-1.0443304682962364
223,2222.854,0.2,3.533333333333333,0.13333333333333333,0.13333333333333333,0.3333333333333333,0.26666666666666666,0,Stable Saver,-1.7412696636923926,-0.5282526608962839
224,4895.3295,0.55,5.1,0.2,0.35,0.45,0.1,3,High Risk User,2.4073494985175845,0.21787763043688768
225,3195.891111111111,0.5555555555555556,2.0555555555555554,0.2777777777777778,0.4444444444444444,0.6111111111111112,0.16666666666666666,3,High Risk User,0.5506699900515444,2.4620172025942018
226,5302.208518518519,0.18518518518518517,3.1481481481481484,0.18518518518518517,0.14814814814814814,0.2222222222222222,0.3333333333333333,1,Emotional Spender,-0.6891663586541275,-1.4701613570436853
227,5695.452380952381,0.47619047619047616,4.904761904761905,0.09523809523809523,0.38095238095238093,0.2857142857142857,0.42857142857142855,1,Emotional Spender,1.9697423272134955,-0.46799691128843124
228,2816.2507142857144,0.21428571428571427,2.5,0.21428571428571427,0.35714285714285715,0.35714285714285715,0.0,0,Stable Saver,-1.4502594867019636,0.6816951061895662
229,5654.932727272728,0.45454545454545453,3.8636363636363638,0.22727272727272727,0.2727272727272727,0.4090909090909091,0.2727272727272727,3,High Risk User,1.5175523269926074,-0.23921807354310518
230,4704.05,0.19230769230769232,3.6153846153846154,0.23076923076923078,0.34615384615384615,0.23076923076923078,0.23076923076923078,2,Offer Hunter,-0.32694681281434257,-0.17067966462093542
231,5725.991818181818,0.22727272727272727,4.2272727272727275,0.09090909090909091,0.22727272727272727,0.3181818181818182,0.2727272727272727,1,Emotional Spender,0.17349591391079744,-2.0338136291655897
232,3313.087333333334,0.26666666666666666,1.8666666666666667,0.2,0.2,0.4,0.2,0,Stable Saver,-1.5205016465949905,0.08072311786490803
233,3949.5420689655175,0.3448275862068966,2.689655172413793,0.1724137931034483,0.41379310344827586,0.41379310344827586,0.20689655172413793,2,Offer Hunter,-0.2521884571323412,0.6898115542576757
234,4154.200833333333,0.3333333333333333,4.916666666666667,0.20833333333333334,0.25,0.375,0.25,1,Emotional Spender,0.7088162990494368,-0.32795098533399164
235,3606.8919047619047,0.3333333333333333,4.285714285714286,0.09523809523809523,0.23809523809523808,0.5714285714285714,0.14285714285714285,0,Stable Saver,0.016417711943408762,-0.8737502225060618
236,3229.9235714285714,0.14285714285714285,2.642857142857143,0.25,0.10714285714285714,0.2857142857142857,0.25,0,Stable Saver,-1.888317493584219,-0.4421681007007631
237,5753.392352941177,0.4117647058823529,5.235294117647059,0.058823529411764705,0.23529411764705882,0.35294117647058826,0.11764705882352941,3,High Risk User,1.6542465112227676,-1.9481300484933302
238,4517.798181818182,0.45454545454545453,3.090909090909091,0.45454545454545453,0.36363636363636365,0.45454545454545453,0.18181818181818182,3,High Risk User,1.2499178938042477,2.0978842450763064
239,4263.862592592593,0.4074074074074074,5.185185185185185,0.2222222222222222,0.2962962962962963,0.25925925925925924,0.2222222222222222,3,High Risk User,1.3454415290634727,0.13749855786628004
240,5193.698125,0.25,1.875,0.125,0.25,0.5,0.1875,0,Stable Saver,-0.9128799027367179,-1.1423878390594981
241,3260.141052631579,0.42105263157894735,3.9473684210526314,0.15789473684210525,0.2631578947368421,0.3684210526315789,0.15789473684210525,0,Stable Saver,0.2912600522488988,0.2370152098296275
242,3372.5,0.16666666666666666,2.0,0.2222222222222222,0.2777777777777778,0.5,0.2777777777777778,0,Stable Saver,-1.8377220771053633,0.2105951616071995
243,2554.7647368421053,0.21052631578947367,1.1578947368421053,0.21052631578947367,0.42105263157894735,0.3157894736842105,0.21052631578947367,2,Offer Hunter,-2.214584775043643,1.5132902027194104
244,7178.895,0.45454545454545453,5.318181818181818,0.2727272727272727,0.22727272727272727,0.36363636363636365,0.2727272727272727,3,High Risk User,2.859778276346543,-1.140332150779967
245,4114.1455000000005,0.25,2.8,0.2,0.15,0.5,0.05,0,Stable Saver,-0.8409088850000302,-0.9330834734440301
246,5735.453333333334,0.3333333333333333,3.75,0.16666666666666666,0.16666666666666666,0.375,0.16666666666666666,0,Stable Saver,0.6250860799273354,-1.561579411519103
247,5115.8484,0.24,2.92,0.08,0.24,0.32,0.28,2,Offer Hunter,-0.6433501435990068,-1.4665557948789294
248,5797.242,0.3,3.3,0.1,0.2,0.45,0.35,1,Emotional Spender,0.1369448576845921,-1.7371514899502014
249,4649.308235294118,0.23529411764705882,2.5294117647058822,0.11764705882352941,0.4117647058823529,0.29411764705882354,0.17647058823529413,2,Offer Hunter,-0.7580165059847622,-0.259723449507103
250,3091.355294117647,0.23529411764705882,2.8823529411764706,0.23529411764705882,0.35294117647058826,0.17647058823529413,0.23529411764705882,2,Offer Hunter,-1.0939213231039324,0.953381513573406
251,3783.5092857142854,0.21428571428571427,2.0714285714285716,0.14285714285714285,0.5714285714285714,0.2857142857142857,0.14285714285714285,2,Offer Hunter,-1.203737290312491,1.0190289017357925
252,4635.2646875,0.25,1.5,0.34375,0.46875,0.375,0.34375,2,Offer Hunter,-0.7127781815679092,1.6853237328439876
253,3789.934,0.2,4.333333333333333,0.13333333333333333,0.13333333333333333,0.4,0.26666666666666666,0,Stable Saver,-0.7116002558691493,-1.4502944698296452
254,5476.4775,0.2,3.65,0.05,0.3,0.35,0.1,0,Stable Saver,-0.3013046721556495,-1.9751004215168244
255,4026.9132,0.24,4.84,0.16,0.12,0.28,0.24,0,Stable Saver,-0.13696253409125544,-1.3907182120149086
256,3544.597647058824,0.29411764705882354,1.5294117647058822,0.23529411764705882,0.17647058823529413,0.23529411764705882,0.4117647058823529,1,Emotional Spender,-1.4820175687356738,0.4929554493763169
257,4979.468,0.5,5.3,0.3,0.25,0.35,0.3,1,Emotional Spender,2.279507007276254,0.3442609948766685
258,4620.283076923077,0.38461538461538464,4.961538461538462,0.15384615384615385,0.3076923076923077,0.34615384615384615,0.34615384615384615,1,Emotional Spender,1.1293797471668898,-0.3532690127146646
259,3274.6784210526316,0.3157894736842105,1.5789473684210527,0.3157894736842105,0.3684210526315789,0.5263157894736842,0.21052631578947367,0,Stable Saver,-0.9779061668011496,1.7061529380956166
260,5142.743157894736,0.5263157894736842,3.8947368421052633,0.3157894736842105,0.2631578947368421,0.3157894736842105,0.10526315789473684,3,High Risk User,1.890070505714928,0.6100764848938618
261,5494.994210526315,0.10526315789473684,2.0526315789473686,0.10526315789473684,0.2631578947368421,0.47368421052631576,0.2631578947368421,0,Stable Saver,-1.5281481252358615,-1.7573620192529316
262,6629.0160000000005,0.5,5.15,0.25,0.35,0.45,0.2,3,High Risk User,2.9318884059958066,-0.3874247125062016
263,6107.482666666666,0.2,1.1333333333333333,0.06666666666666667,0.4,0.3333333333333333,0.2,2,Offer Hunter,-1.144731270596769,-1.1620087037166693
264,5252.772,0.3333333333333333,3.1333333333333333,0.13333333333333333,0.4,0.3333333333333333,0.3333333333333333,2,Offer Hunter,0.29134159164272316,-0.18654186606281056
265,3706.0852941176468,0.23529411764705882,1.7647058823529411,0.4117647058823529,0.29411764705882354,0.23529411764705882,0.17647058823529413,0,Stable Saver,-1.096548017357929,1.5624032597599147
266,3121.989545454546,0.18181818181818182,1.5909090909090908,0.13636363636363635,0.18181818181818182,0.4090909090909091,0.18181818181818182,0,Stable Saver,-2.322302160307025,-0.5302519494267558
267,5825.4964,0.4,4.84,0.08,0.44,0.28,0.28,3,High Risk User,1.6530804827765737,-0.7086645226616063
268,3788.822857142857,0.42857142857142855,3.1904761904761907,0.19047619047619047,0.38095238095238093,0.2857142857142857,0.38095238095238093,1,Emotional Spender,0.30863736472357073,1.117558689551021
269,4417.560952380953,0.23809523809523808,2.8095238095238093,0.3333333333333333,0.23809523809523808,0.38095238095238093,0.19047619047619047,0,Stable Saver,-0.47892661758404326,0.25986930274758685
270,4669.714,0.35,2.75,0.3,0.25,0.2,0.2,1,Emotional Spender,0.11027604260837985,0.4688508946088151
271,2942.433529411765,0.35294117647058826,4.352941176470588,0.35294117647058826,0.23529411764705882,0.5882352941176471,0.35294117647058826,1,Emotional Spender,0.32653098133590797,1.1789040566363864
272,3445.3811111111113,0.3888888888888889,2.5555555555555554,0.16666666666666666,0.2777777777777778,0.4444444444444444,0.05555555555555555,0,Stable Saver,-0.40964099257669506,0.29117163449791544
273,5127.550555555556,0.1111111111111111,1.5555555555555556,0.1111111111111111,0.3333333333333333,0.2222222222222222,0.2222222222222222,2,Offer Hunter,-1.8303413802851194,-1.0237921202607168
274,2824.5916666666667,0.2777777777777778,3.3333333333333335,0.3333333333333333,0.3333333333333333,0.2222222222222222,0.16666666666666666,0,Stable Saver,-0.5674997301846223,1.540428634648018
275,5750.265625,0.5,4.875,0.25,0.1875,0.375,0.3125,1,Emotional Spender,2.2193586582754055,-0.5257899598963681
276,3612.2352380952384,0.19047619047619047,1.6666666666666667,0.14285714285714285,0.23809523809523808,0.3333333333333333,0.38095238095238093,2,Offer Hunter,-2.024623185235018,-0.23994529308682627
277,4204.094761904761,0.23809523809523808,1.9523809523809523,0.23809523809523808,0.23809523809523808,0.5238095238095238,0.23809523809523808,0,Stable Saver,-1.1443269089350365,-0.07944535289028365
278,3450.6646666666666,0.2,2.7333333333333334,0.06666666666666667,0.26666666666666666,0.26666666666666666,0.3333333333333333,2,Offer Hunter,-1.6351629048045067,-0.6560916610912597
279,5668.856428571429,0.2857142857142857,3.1785714285714284,0.25,0.21428571428571427,0.2857142857142857,0.21428571428571427,1,Emotional Spender,0.25089000557839874,-0.7788419328959456
280,5293.716956521739,0.17391304347826086,1.434782608695652,0.21739130434782608,0.43478260869565216,0.2608695652173913,0.17391304347826086,2,Offer Hunter,-1.1486532571994577,0.15067496819087842
281,5151.885,0.4166666666666667,3.625,0.25,0.4166666666666667,0.375,0.25,3,High Risk User,1.2032267628326794,0.7103866335532025
282,2734.7288,0.28,1.8,0.2,0.44,0.4,0.32,2,Offer Hunter,-1.4658844970496874,1.6084271512307893
283,4450.318,0.25,2.65,0.35,0.2,0.3,0.1,0,Stable Saver,-0.4852758392352188,0.19992624275413673
284,5052.949047619048,0.2857142857142857,3.4285714285714284,0.14285714285714285,0.23809523809523808,0.3333333333333333,0.23809523809523808,0,Stable Saver,-0.048061561678795266,-1.0635562795237747
285,3598.242307692308,0.46153846153846156,3.769230769230769,0.3076923076923077,0.3076923076923077,0.38461538461538464,0.07692307692307693,3,High Risk User,0.9148204020588708,1.250722445384581
286,4495.373333333333,0.3333333333333333,1.5714285714285714,0.3333333333333333,0.23809523809523808,0.3333333333333333,0.2857142857142857,1,Emotional Spender,-0.5652808754388313,0.8620596189755014
287,4162.7245454545455,0.4090909090909091,2.3181818181818183,0.22727272727272727,0.36363636363636365,0.36363636363636365,0.22727272727272727,2,Offer Hunter,0.031648749848975796,1.0025673828902835
288,2580.587777777778,0.2222222222222222,1.7777777777777777,0.1111111111111111,0.2222222222222222,0.1111111111111111,0.1111111111111111,2,Offer Hunter,-2.2726024656625703,-0.05087815191064919
289,4451.722173913044,0.2608695652173913,2.4347826086956523,0.2608695652173913,0.13043478260869565,0.34782608695652173,0.17391304347826086,0,Stable Saver,-0.7870292416420339,-0.5324202713474309
290,6012.844444444444,0.2777777777777778,4.555555555555555,0.1111111111111111,0.2222222222222222,0.2222222222222222,0.5,1,Emotional Spender,0.6818800611207253,-1.7232699607390591
291,3679.4109523809525,0.2857142857142857,4.238095238095238,0.3333333333333333,0.19047619047619047,0.42857142857142855,0.14285714285714285,0,Stable Saver,0.1362797268206138,0.2160591930644952
292,5084.75,0.2857142857142857,2.380952380952381,0.047619047619047616,0.19047619047619047,0.23809523809523808,0.23809523809523808,2,Offer Hunter,-0.794508064886478,-1.61858186733741
293,6932.134285714286,0.2857142857142857,6.5,0.07142857142857142,0.21428571428571427,0.21428571428571427,0.42857142857142855,1,Emotional Spender,1.965726483225707,-2.817801006160291
294,5192.613043478261,0.21739130434782608,2.4347826086956523,0.2608695652173913,0.2608695652173913,0.13043478260869565,0.30434782608695654,2,Offer Hunter,-0.6429620630968571,-0.19966754460831332
295,4267.4416,0.32,2.64,0.4,0.2,0.28,0.24,1,Emotional Spender,-0.12854782055015593,0.940679104589823
296,4965.6465,0.3,3.3,0.25,0.3,0.3,0.25,1,Emotional Spender,0.19633783651419573,-0.008238059507325802
297,5381.878823529412,0.29411764705882354,3.3529411764705883,0.17647058823529413,0.29411764705882354,0.4117647058823529,0.4117647058823529,1,Emotional Spender,0.1953726274487774,-0.61317510811673
298,5558.793076923077,0.23076923076923078,2.3076923076923075,0.23076923076923078,0.3076923076923077,0.38461538461538464,0.07692307692307693,0,Stable Saver,-0.3895996590254119,-0.6021899338142624
299,5364.693571428571,0.42857142857142855,5.071428571428571,0.21428571428571427,0.14285714285714285,0.35714285714285715,0.14285714285714285,3,High Risk User,1.6921259594661433,-1.1616252698070957
300,3341.655,0.2916666666666667,3.0416666666666665,0.20833333333333334,0.3333333333333333,0.5416666666666666,0.25,0,Stable Saver,-0.6228150467735155,0.55942953686372
301,3395.715,0.21428571428571427,1.2857142857142858,0.2857142857142857,0.2857142857142857,0.42857142857142855,0.2857142857142857,0,Stable Saver,-1.8036935468720408,0.939086324537441
302,3976.60347826087,0.43478260869565216,5.434782608695652,0.2608695652173913,0.17391304347826086,0.30434782608695654,0.34782608695652173,1,Emotional Spender,1.4100529455772095,0.07177044199670951
303,4451.2519999999995,0.26666666666666666,4.933333333333334,0.13333333333333333,0.2,0.2,0.4,1,Emotional Spender,0.2121473875058528,-1.1349974103562215
304,5010.623684210526,0.3684210526315789,4.894736842105263,0.2631578947368421,0.2631578947368421,0.5263157894736842,0.2631578947368421,3,High Risk User,1.3750017670957257,-0.29925358290123366
305,6079.918260869565,0.21739130434782608,1.7391304347826086,0.2608695652173913,0.34782608695652173,0.34782608695652173,0.34782608695652173,2,Offer Hunter,-0.4927692724027629,-0.1705675739326752
306,3351.112222222222,0.3888888888888889,2.1666666666666665,0.2222222222222222,0.3333333333333333,0.3888888888888889,0.5,1,Emotional Spender,-0.5788654132195141,1.4058100900285622
307,4326.17375,0.3333333333333333,3.0833333333333335,0.08333333333333333,0.3333333333333333,0.2916666666666667,0.4583333333333333,2,Offer Hunter,-0.3129934209428284,-0.20895742557404082
308,5545.009444444444,0.3888888888888889,2.8333333333333335,0.2777777777777778,0.16666666666666666,0.4444444444444444,0.16666666666666666,0,Stable Saver,0.6266888145525596,-0.5041364623782096
309,4134.314,0.4,5.04,0.16,0.32,0.32,0.2,3,High Risk User,1.1089822680187356,-0.10985172064274044
310,5003.275882352941,0.29411764705882354,4.0,0.23529411764705882,0.29411764705882354,0.47058823529411764,0.4117647058823529,1,Emotional Spender,0.4782772369936096,-0.23483301517981914
311,3054.2981250000003,0.1875,1.1875,0.125,0.25,0.4375,0.4375,2,Offer Hunter,-2.510784636276766,0.045532946262599065
312,4604.237777777777,0.37037037037037035,2.925925925925926,0.2962962962962963,0.25925925925925924,0.48148148148148145,0.3333333333333333,1,Emotional Spender,0.30343007172437036,0.5225255446719602
313,4335.112777777777,0.2777777777777778,3.2777777777777777,0.3333333333333333,0.2777777777777778,0.2777777777777778,0.2222222222222222,1,Emotional Spender,-0.053000021207946606,0.6025053955910289
314,3939.9561111111116,0.2777777777777778,2.4444444444444446,0.2777777777777778,0.2777777777777778,0.3888888888888889,0.16666666666666666,0,Stable Saver,-0.6870735538032918,0.5064126944222401
315,3500.5714285714284,0.23809523809523808,2.0476190476190474,0.2857142857142857,0.14285714285714285,0.3333333333333333,0.14285714285714285,0,Stable Saver,-1.413633845706854,0.0996206312163807
316,4910.4991666666665,0.4166666666666667,3.1666666666666665,0.08333333333333333,0.4166666666666667,0.4166666666666667,0.16666666666666666,3,High Risk User,0.5957221614858005,-0.17324079784222676
317,4730.548888888889,0.3333333333333333,2.7777777777777777,0.2777777777777778,0.2222222222222222,0.3888888888888889,0.2222222222222222,0,Stable Saver,0.014359725127627003,0.04426360925309526
318,5041.588571428571,0.21428571428571427,1.9285714285714286,0.14285714285714285,0.35714285714285715,0.7857142857142857,0.21428571428571427,0,Stable Saver,-0.9369363480870858,-0.7255201236662713
319,4718.3590476190475,0.2857142857142857,2.5714285714285716,0.38095238095238093,0.42857142857142855,0.19047619047619047,0.19047619047619047,2,Offer Hunter,0.056416275974178726,1.5638001170510363
320,4188.9432,0.52,3.92,0.28,0.36,0.36,0.32,1,Emotional Spender,1.4869895998835592,1.430083098534924
321,3609.2947826086956,0.2608695652173913,2.391304347826087,0.30434782608695654,0.21739130434782608,0.2608695652173913,0.2608695652173913,0,Stable Saver,-1.0008150929484272,0.6491663633427686
322,4364.976153846154,0.23076923076923078,3.076923076923077,0.07692307692307693,0.3076923076923077,0.23076923076923078,0.23076923076923078,2,Offer Hunter,-0.8524015937451654,-0.8756299768964728
323,5659.337222222222,0.16666666666666666,5.666666666666667,0.1111111111111111,0.05555555555555555,0.2777777777777778,0.3333333333333333,1,Emotional Spender,0.3371995093809703,-3.049338119845366
324,3794.3828571428567,0.23809523809523808,2.5714285714285716,0.047619047619047616,0.23809523809523808,0.38095238095238093,0.38095238095238093,2,Offer Hunter,-1.4291620617476273,-0.9283849795487652
325,3551.6647058823532,0.47058823529411764,3.3529411764705883,0.23529411764705882,0.4117647058823529,0.4117647058823529,0.29411764705882354,1,Emotional Spender,0.6809500335456026,1.5989394310727296
326,6396.103529411765,0.35294117647058826,2.2941176470588234,0.11764705882352941,0.35294117647058826,0.23529411764705882,0.23529411764705882,2,Offer Hunter,0.3713730056465771,-0.852710025790916
327,7553.215833333333,0.4583333333333333,6.25,0.125,0.375,0.375,0.2916666666666667,3,High Risk User,3.3691632212490417,-1.6663383498664919
328,5910.276666666667,0.3333333333333333,3.7777777777777777,0.18518518518518517,0.37037037037037035,0.37037037037037035,0.3333333333333333,3,High Risk User,0.9385613004586271,-0.4626628104400507
329,4550.8675,0.4,3.05,0.25,0.3,0.5,0.35,1,Emotional Spender,0.45995981818785103,0.5362698712159432
330,4087.85,0.3157894736842105,2.6315789473684212,0.3157894736842105,0.3157894736842105,0.42105263157894735,0.2631578947368421,1,Emotional Spender,-0.2333683787036834,0.9896958006194805
331,3183.26125,0.25,2.4375,0.1875,0.3125,0.125,0.1875,2,Offer Hunter,-1.3284999630032326,0.5559457691020838
332,5571.9375,0.1875,2.3125,0.0625,0.4375,0.5625,0.125,0,Stable Saver,-0.7623670896601461,-1.2030702616051772
333,5647.404782608695,0.13043478260869565,3.347826086956522,0.08695652173913043,0.08695652173913043,0.391304347826087,0.17391304347826086,0,Stable Saver,-0.9364526124949648,-2.933091452442446
334,4442.937222222222,0.3333333333333333,1.3888888888888888,0.16666666666666666,0.4444444444444444,0.2222222222222222,0.3333333333333333,2,Offer Hunter,-0.7847449123041181,0.9737424918570291
335,5300.977142857143,0.2857142857142857,2.5714285714285716,0.35714285714285715,0.07142857142857142,0.21428571428571427,0.2857142857142857,1,Emotional Spender,-0.18145026709306883,-0.41130861315150136
336,4585.60375,0.4166666666666667,3.75,0.375,0.375,0.5416666666666666,0.25,3,High Risk User,1.2553655489973514,1.418726221656694
337,5563.56275862069,0.4827586206896552,5.827586206896552,0.3103448275862069,0.20689655172413793,0.4482758620689655,0.13793103448275862,3,High Risk User,2.702377300274339,-0.41142469198324955
338,4278.2964999999995,0.35,1.75,0.15,0.2,0.45,0.25,0,Stable Saver,-0.8376429515045593,-0.3664478637223304
339,5274.171052631579,0.631578947368421,5.7894736842105265,0.3684210526315789,0.47368421052631576,0.42105263157894735,0.3684210526315789,3,High Risk User,3.7256182218749525,1.9843834819999577
340,6094.6722222222215,0.2777777777777778,3.611111111111111,0.05555555555555555,0.3888888888888889,0.4444444444444444,0.3333333333333333,2,Offer Hunter,0.4230374090616174,-1.4189902186315473
341,4676.097727272727,0.3181818181818182,3.9545454545454546,0.2727272727272727,0.3181818181818182,0.4090909090909091,0.2727272727272727,1,Emotional Spender,0.5730066218108747,0.2474945798269139
342,3696.8838095238093,0.42857142857142855,2.8095238095238093,0.14285714285714285,0.3333333333333333,0.3333333333333333,0.23809523809523808,2,Offer Hunter,-0.015907668138471557,0.5820968335541022
343,4317.897857142857,0.42857142857142855,5.357142857142857,0.21428571428571427,0.25,0.2857142857142857,0.21428571428571427,3,High Risk User,1.5026813418094638,-0.13076877913487836
344,4765.906666666667,0.4166666666666667,2.6666666666666665,0.4166666666666667,0.5,0.25,0.25,3,High Risk User,0.9723536617471384,2.5008685951372502
345,6035.099583333333,0.5,4.125,0.3333333333333333,0.3333333333333333,0.25,0.2916666666666667,3,High Risk User,2.277872534663891,0.682739064907139
346,4050.273478260869,0.30434782608695654,1.6521739130434783,0.2608695652173913,0.17391304347826086,0.2608695652173913,0.2608695652173913,0,Stable Saver,-1.0794834572226437,0.25910414311738617
347,4865.0,0.08333333333333333,3.5833333333333335,0.16666666666666666,0.25,0.25,0.0,0,Stable Saver,-1.0386781589734058,-1.6188857412276372
348,4148.0488235294115,0.5294117647058824,4.529411764705882,0.4117647058823529,0.47058823529411764,0.5294117647058824,0.17647058823529413,3,High Risk User,2.2562721693111203,2.43956380727194
349,2628.4762499999997,0.4375,2.625,0.4375,0.3125,0.1875,0.0625,0,Stable Saver,0.060154297446432754,2.722820427117515
350,2402.24,0.42105263157894735,1.4210526315789473,0.21052631578947367,0.2631578947368421,0.47368421052631576,0.2631578947368421,0,Stable Saver,-1.1811690720669403,1.4536620715472315
351,2446.7709999999997,0.35,1.6,0.15,0.3,0.35,0.35,2,Offer Hunter,-1.5735423335940601,1.1223664507686981
352,3678.7226666666666,0.2,1.8666666666666667,0.2,0.4666666666666667,0.26666666666666666,0.3333333333333333,2,Offer Hunter,-1.4809184983403807,1.0969155157202337
353,4588.845217391305,0.17391304347826086,2.0869565217391304,0.17391304347826086,0.21739130434782608,0.21739130434782608,0.13043478260869565,0,Stable Saver,-1.4464057954832665,-0.899948490905546
354,3670.298235294117,0.47058823529411764,2.8823529411764706,0.35294117647058826,0.4117647058823529,0.6470588235294118,0.4117647058823529,1,Emotional Spender,0.7400267725375747,2.305783183529719
355,5907.265909090909,0.4090909090909091,3.772727272727273,0.09090909090909091,0.4090909090909091,0.36363636363636365,0.22727272727272727,3,High Risk User,1.231161514139937,-0.6888430515118867
356,5602.12875,0.25,3.4375,0.09375,0.4375,0.21875,0.28125,2,Offer Hunter,0.09004813110043934,-0.7229134583311074
357,4677.3508,0.28,2.76,0.2,0.48,0.36,0.28,2,Offer Hunter,-0.17232940236793046,0.6827684417535206
358,3965.4818750000004,0.125,1.625,0.1875,0.1875,0.4375,0.3125,0,Stable Saver,-2.193321060293741,-0.6890056687458954
359,6615.1005000000005,0.2,2.6,0.2,0.25,0.4,0.25,0,Stable Saver,-0.1499039136926448,-1.5560692505080047
360,5868.454,0.4666666666666667,4.2,0.2,0.26666666666666666,0.4666666666666667,0.06666666666666667,3,High Risk User,1.8305597576865407,-0.7618020423859808
361,4198.915714285714,0.42857142857142855,2.0714285714285716,0.42857142857142855,0.21428571428571427,0.5,0.07142857142857142,0,Stable Saver,0.30197549812420493,1.3970988283125483
362,3873.6658823529415,0.35294117647058826,5.529411764705882,0.058823529411764705,0.29411764705882354,0.35294117647058826,0.11764705882352941,3,High Risk User,0.7917177471473791,-1.033040099782326
363,6215.94375,0.3125,2.8125,0.3125,0.125,0.4375,0.1875,0,Stable Saver,0.48776302406828315,-1.0243835749743793
364,3823.674,0.3333333333333333,2.4,0.13333333333333333,0.6,0.4666666666666667,0.5333333333333333,2,Offer Hunter,-0.43011898895196443,1.6405060910604137
365,3709.1935294117648,0.058823529411764705,1.1764705882352942,0.058823529411764705,0.29411764705882354,0.47058823529411764,0.17647058823529413,0,Stable Saver,-2.953070141277727,-1.1090263744414515
366,2828.8638095238093,0.3333333333333333,2.238095238095238,0.3333333333333333,0.38095238095238093,0.19047619047619047,0.2857142857142857,2,Offer Hunter,-0.7755196366263893,2.2540635929308426
367,5928.727333333333,0.2,2.3333333333333335,0.06666666666666667,0.26666666666666666,0.06666666666666667,0.4666666666666667,2,Offer Hunter,-0.8992346483208702,-1.5339388299692593
368,4625.323913043479,0.34782608695652173,1.9565217391304348,0.17391304347826086,0.5652173913043478,0.34782608695652173,0.21739130434782608,2,Offer Hunter,-0.15690958903200988,1.2572948921339615
369,2897.7768421052633,0.21052631578947367,2.473684210526316,0.10526315789473684,0.2631578947368421,0.42105263157894735,0.15789473684210525,0,Stable Saver,-1.7889666893467953,-0.33429717728099856
370,4500.296666666666,0.3333333333333333,2.0,0.2,0.3333333333333333,0.2,0.2,2,Offer Hunter,-0.5039541771901739,0.420717394277427
371,3851.25,0.16666666666666666,2.1666666666666665,0.16666666666666666,0.16666666666666666,0.375,0.08333333333333333,0,Stable Saver,-1.7755948151740581,-0.9865386834301181
372,4750.822727272727,0.3181818181818182,4.5,0.09090909090909091,0.18181818181818182,0.22727272727272727,0.18181818181818182,1,Emotional Spender,0.3537566375405402,-1.5712346967573039
373,5361.987727272727,0.2727272727272727,5.681818181818182,0.18181818181818182,0.13636363636363635,0.22727272727272727,0.4090909090909091,1,Emotional Spender,0.9948734114289164,-1.6925658940022654
374,4451.43,0.29411764705882354,2.0,0.17647058823529413,0.35294117647058826,0.35294117647058826,0.17647058823529413,2,Offer Hunter,-0.7228869252561244,0.16825944016613692
375,6708.345,0.45454545454545453,4.545454545454546,0.3181818181818182,0.2727272727272727,0.18181818181818182,0.09090909090909091,3,High Risk User,2.4430122055832455,-0.36352284029087234
376,5341.416842105263,0.3684210526315789,3.1052631578947367,0.21052631578947367,0.15789473684210525,0.5263157894736842,0.10526315789473684,0,Stable Saver,0.4581314040156623,-1.0576973226333266
377,5919.617619047619,0.23809523809523808,2.4761904761904763,0.14285714285714285,0.23809523809523808,0.2857142857142857,0.19047619047619047,0,Stable Saver,-0.41400739309095697,-1.4679107653558907
378,4790.1084210526315,0.2631578947368421,2.8947368421052633,0.21052631578947367,0.21052631578947367,0.3157894736842105,0.15789473684210525,0,Stable Saver,-0.42171263350057203,-0.69938307720317
379,3296.5847826086956,0.17391304347826086,1.608695652173913,0.08695652173913043,0.34782608695652173,0.30434782608695654,0.21739130434782608,2,Offer Hunter,-2.216443168637618,-0.0910872791885917
380,4012.3363157894737,0.15789473684210525,1.3157894736842106,0.21052631578947367,0.15789473684210525,0.5263157894736842,0.21052631578947367,0,Stable Saver,-2.0979304384501423,-0.6832177804325433
381,3806.7481818181814,0.3181818181818182,3.1363636363636362,0.3181818181818182,0.36363636363636365,0.36363636363636365,0.3181818181818182,1,Emotional Spender,-0.053128504810546824,1.3481798176199942
382,4025.5727777777774,0.16666666666666666,1.1666666666666667,0.2222222222222222,0.2777777777777778,0.4444444444444444,0.1111111111111111,0,Stable Saver,-1.9502279465660288,-0.06193855386574685
383,3281.348148148148,0.3333333333333333,2.259259259259259,0.4074074074074074,0.14814814814814814,0.4074074074074074,0.37037037037037035,1,Emotional Spender,-0.6896169342012081,1.3737522395481125
384,5220.88,0.16666666666666666,1.5,0.16666666666666666,0.4166666666666667,0.3333333333333333,0.4166666666666667,2,Offer Hunter,-1.3444043543529125,-0.05929422509562728
385,3646.3722222222223,0.2222222222222222,1.8888888888888888,0.1111111111111111,0.16666666666666666,0.3333333333333333,0.2777777777777778,0,Stable Saver,-1.8511383275115658,-0.7990831481203002
386,4694.798148148148,0.2962962962962963,2.111111111111111,0.18518518518518517,0.25925925925925924,0.4074074074074074,0.14814814814814814,0,Stable Saver,-0.6339942361004663,-0.38898748265984695
387,3449.08,0.34782608695652173,2.608695652173913,0.30434782608695654,0.30434782608695654,0.34782608695652173,0.30434782608695654,1,Emotional Spender,-0.3868855793216718,1.3524124638158876
388,4945.5196153846155,0.2692307692307692,2.0384615384615383,0.19230769230769232,0.23076923076923078,0.7307692307692307,0.23076923076923078,0,Stable Saver,-0.692368366210643,-0.7650876020312597
389,3999.2775,0.3333333333333333,2.5,0.4166666666666667,0.4166666666666667,0.5833333333333334,0.16666666666666666,0,Stable Saver,0.12027453250685277,2.000798147719629
390,4810.536470588235,0.17647058823529413,2.7058823529411766,0.17647058823529413,0.17647058823529413,0.47058823529411764,0.23529411764705882,0,Stable Saver,-1.0635660971490064,-1.321976610875503
391,4113.131818181818,0.4090909090909091,5.181818181818182,0.36363636363636365,0.22727272727272727,0.4090909090909091,0.13636363636363635,3,High Risk User,1.5279323343466744,0.5846307843201477
392,4080.374074074074,0.2962962962962963,1.2962962962962963,0.14814814814814814,0.2962962962962963,0.2962962962962963,0.25925925925925924,2,Offer Hunter,-1.3488626496251015,0.15496441707892925
393,4212.311363636364,0.2727272727272727,2.1363636363636362,0.36363636363636365,0.18181818181818182,0.4090909090909091,0.22727272727272727,0,Stable Saver,-0.7114712263131999,0.531036243056705
394,3955.8933333333334,0.4444444444444444,2.2777777777777777,0.3888888888888889,0.2222222222222222,0.3333333333333333,0.2777777777777778,1,Emotional Spender,0.24541569337797148,1.592860074668248
395,4500.055882352941,0.47058823529411764,3.2941176470588234,0.5294117647058824,0.058823529411764705,0.29411764705882354,0.23529411764705882,1,Emotional Spender,1.177532066314188,1.3035908219784738
396,3442.3044999999997,0.45,3.3,0.15,0.4,0.25,0.35,2,Offer Hunter,0.28317916496066775,1.1686129949644666
397,3549.078125,0.125,1.3125,0.0625,0.3125,0.3125,0.25,2,Offer Hunter,-2.6138666298792343,-0.5944921576202241
398,5595.1595,0.3,2.6,0.15,0.45,0.4,0.25,2,Offer Hunter,0.11214663412747654,-0.1379437397233237
399,5488.981739130435,0.2608695652173913,2.4347826086956523,0.30434782608695654,0.34782608695652173,0.4782608695652174,0.21739130434782608,0,Stable Saver,-0.02404796241360872,0.19636070175589418
400,5501.984545454546,0.3181818181818182,4.318181818181818,0.09090909090909091,0.18181818181818182,0.36363636363636365,0.2727272727272727,1,Emotional Spender,0.5722304531373734,-1.884921688379736
401,3727.634375,0.3125,2.625,0.125,0.1875,0.625,0.125,0,Stable Saver,-0.8381978739441045,-0.7914744548983751
402,3294.3214285714284,0.42857142857142855,3.7142857142857144,0.21428571428571427,0.21428571428571427,0.14285714285714285,0.5,1,Emotional Spender,0.16341900848862934,0.8144353661109961
403,6950.11,0.0,1.3636363636363635,0.09090909090909091,0.18181818181818182,0.45454545454545453,0.0,0,Stable Saver,-1.9056685664347268,-3.33124833244349
404,7211.047500000001,0.25,6.55,0.15,0.2,0.35,0.1,3,High Risk User,2.1427122203197477,-3.0298925592179815
405,4025.7675,0.375,3.1875,0.4375,0.125,0.4375,0.125,0,Stable Saver,0.3750095725346254,0.8282396833225454
406,4085.592631578947,0.21052631578947367,2.6842105263157894,0.2631578947368421,0.21052631578947367,0.42105263157894735,0.21052631578947367,0,Stable Saver,-0.9829233452196647,-0.19329122458658302
407,4142.563809523809,0.19047619047619047,1.9047619047619047,0.2857142857142857,0.14285714285714285,0.23809523809523808,0.2857142857142857,0,Stable Saver,-1.5307173415260515,-0.15583539005567998
408,4297.166875,0.3125,3.125,0.3125,0.125,0.5,0.25,0,Stable Saver,-0.1356981050746343,-0.15255538925259982
409,4103.0195,0.35,4.5,0.1,0.3,0.15,0.3,1,Emotional Spender,0.37568957961541344,-0.42696453913882537
410,5172.606666666667,0.38095238095238093,4.190476190476191,0.19047619047619047,0.14285714285714285,0.14285714285714285,0.23809523809523808,1,Emotional Spender,0.8263781113515482,-1.0081486244060782
411,1541.9395,0.1,1.2,0.15,0.2,0.45,0.3,0,Stable Saver,-3.559652828601828,0.2720858721623432
412,5105.870769230769,0.34615384615384615,3.4615384615384617,0.38461538461538464,0.34615384615384615,0.34615384615384615,0.11538461538461539,3,High Risk User,0.9260285285387677,0.9100455229186878
413,3122.003333333333,0.3333333333333333,3.857142857142857,0.19047619047619047,0.42857142857142855,0.19047619047619047,0.19047619047619047,2,Offer Hunter,-0.06824212607093097,1.1071086274265405
414,4113.108260869565,0.391304347826087,2.130434782608696,0.21739130434782608,0.34782608695652173,0.2608695652173913,0.043478260869565216,0,Stable Saver,-0.1883981430657955,0.7662245493632949
415,3936.5906666666665,0.23333333333333334,1.1333333333333333,0.06666666666666667,0.3333333333333333,0.43333333333333335,0.23333333333333334,2,Offer Hunter,-1.9045209345753888,-0.3563021082332001
416,3603.532777777778,0.3888888888888889,2.7222222222222223,0.4444444444444444,0.2777777777777778,0.16666666666666666,0.16666666666666666,1,Emotional Spender,0.18373196712246453,2.0730162808415717
417,4936.295833333334,0.5,2.8333333333333335,0.3333333333333333,0.3333333333333333,0.3333333333333333,0.08333333333333333,3,High Risk User,1.2740451898578382,1.213602106428699
418,5845.381904761905,0.2857142857142857,1.8095238095238095,0.14285714285714285,0.5714285714285714,0.42857142857142855,0.2857142857142857,2,Offer Hunter,-0.12354395887943,0.3706306829528395
419,7281.9875,0.5,3.875,0.1875,0.25,0.25,0.25,3,High Risk User,2.2964297364272914,-1.1413285515963716
420,6200.954166666666,0.4583333333333333,4.875,0.2916666666666667,0.3333333333333333,0.4166666666666667,0.125,3,High Risk User,2.473477490039399,-0.14515409755778008
421,2945.79,0.13043478260869565,0.5652173913043478,0.13043478260869565,0.2608695652173913,0.4782608695652174,0.2608695652173913,0,Stable Saver,-3.091492620059774,-0.06516211894104361
422,3961.8939285714287,0.42857142857142855,5.142857142857143,0.25,0.25,0.2857142857142857,0.25,1,Emotional Spender,1.3152185391425077,0.3194498123092677
423,4131.028571428572,0.42857142857142855,3.642857142857143,0.5,0.2857142857142857,0.42857142857142855,0.21428571428571427,1,Emotional Spender,1.2061654783564106,2.052286836030962
424,4427.185882352941,0.23529411764705882,3.411764705882353,0.11764705882352941,0.23529411764705882,0.5882352941176471,0.23529411764705882,0,Stable Saver,-0.5822755196513089,-1.2232931714884905
425,2558.2310344827583,0.2413793103448276,1.5172413793103448,0.06896551724137931,0.3103448275862069,0.3448275862068966,0.3793103448275862,2,Offer Hunter,-2.30174918023909,0.3329207977902569
426,4771.771176470588,0.4117647058823529,2.3529411764705883,0.29411764705882354,0.35294117647058826,0.35294117647058826,0.29411764705882354,1,Emotional Spender,0.4047850235730015,1.1278378410099952
427,3850.0150000000003,0.35,2.0,0.05,0.4,0.25,0.25,2,Offer Hunter,-0.8856008743524267,0.2145281113144197
428,4321.551034482759,0.3793103448275862,3.1379310344827585,0.1724137931034483,0.3103448275862069,0.41379310344827586,0.3103448275862069,1,Emotional Spender,0.15729281380544724,0.16040193757270158
429,3743.05380952381,0.38095238095238093,3.9047619047619047,0.19047619047619047,0.3333333333333333,0.42857142857142855,0.19047619047619047,3,High Risk User,0.3951411189863203,0.39846532179894534
430,4553.2164,0.36,5.2,0.16,0.36,0.44,0.24,3,High Risk User,1.1987102060735075,-0.31029402789452976
431,6353.8150000000005,0.2,2.5,0.05,0.35,0.45,0.55,2,Offer Hunter,-0.5320681659362454,-1.611175373982654
432,4715.924,0.16,1.96,0.08,0.24,0.48,0.4,2,Offer Hunter,-1.6966988006869188,-1.336377296651156
433,2976.247894736842,0.47368421052631576,4.157894736842105,0.21052631578947367,0.3684210526315789,0.3684210526315789,0.3684210526315789,1,Emotional Spender,0.733955239054269,1.4764569604370272
434,4709.025238095238,0.38095238095238093,3.1904761904761907,0.38095238095238093,0.23809523809523808,0.47619047619047616,0.14285714285714285,0,Stable Saver,0.7090458884062523,0.7000568890345206
435,4890.455454545455,0.3181818181818182,2.4545454545454546,0.13636363636363635,0.3181818181818182,0.36363636363636365,0.2727272727272727,2,Offer Hunter,-0.3329012306699593,-0.3633704134079875
436,4852.405384615385,0.38461538461538464,5.884615384615385,0.19230769230769232,0.5,0.34615384615384615,0.19230769230769232,3,High Risk User,1.9979878126950845,0.339046198692141
437,5896.9388461538465,0.2692307692307692,2.8461538461538463,0.23076923076923078,0.34615384615384615,0.34615384615384615,0.19230769230769232,3,High Risk User,0.22426768038341205,-0.441550924208041
438,4092.0452941176472,0.35294117647058826,2.411764705882353,0.058823529411764705,0.5294117647058824,0.5882352941176471,0.23529411764705882,2,Offer Hunter,-0.3424223401383239,0.4876284653655291
439,5238.418421052632,0.3684210526315789,2.0,0.10526315789473684,0.5263157894736842,0.5263157894736842,0.3684210526315789,2,Offer Hunter,0.04514924333007303,0.47981719993749966
440,4558.88,0.29411764705882354,3.764705882352941,0.4117647058823529,0.23529411764705882,0.17647058823529413,0.17647058823529413,1,Emotional Spender,0.4519389716352101,0.7435662016323397
441,2958.519090909091,0.2727272727272727,1.1818181818181819,0.2727272727272727,0.36363636363636365,0.36363636363636365,0.2727272727272727,2,Offer Hunter,-1.6598573487385322,1.6527272272371203
442,4580.710416666667,0.125,1.2083333333333333,0.08333333333333333,0.16666666666666666,0.375,0.16666666666666666,0,Stable Saver,-2.34656575109105,-1.710222235158485
443,3021.918125,0.5,1.9375,0.1875,0.1875,0.375,0.5,1,Emotional Spender,-0.4605044896166234,1.094951227516797
444,5014.44,0.1875,1.625,0.1875,0.125,0.375,0.125,0,Stable Saver,-1.4756896603664638,-1.4010424085874682
445,4464.015625,0.4375,5.25,0.1875,0.4375,0.25,0.25,3,High Risk User,1.7072726482518727,0.5947358810739852
446,4450.234117647058,0.35294117647058826,2.764705882352941,0.29411764705882354,0.35294117647058826,0.4117647058823529,0.29411764705882354,1,Emotional Spender,0.16930393782476583,0.9857295610552074
447,2215.942857142857,0.21428571428571427,1.4285714285714286,0.35714285714285715,0.14285714285714285,0.2857142857142857,0.14285714285714285,0,Stable Saver,-2.231429558220066,1.1920685254638252
448,4065.9111764705885,0.4117647058823529,4.764705882352941,0.11764705882352941,0.4117647058823529,0.35294117647058826,0.4117647058823529,1,Emotional Spender,0.9941910942460556,0.3456375029222685
449,3411.9349999999995,0.2727272727272727,2.8636363636363638,0.09090909090909091,0.18181818181818182,0.5,0.13636363636363635,0,Stable Saver,-1.1601727462696838,-0.9658719073572345
450,5616.356666666667,0.3333333333333333,4.142857142857143,0.19047619047619047,0.2857142857142857,0.2857142857142857,0.38095238095238093,1,Emotional Spender,0.8833516734820778,-0.6597390552605469
451,3805.724,0.3333333333333333,2.3,0.13333333333333333,0.26666666666666666,0.4666666666666667,0.16666666666666666,0,Stable Saver,-0.7841369418665138,-0.17292485217037767
452,6684.763636363636,0.22727272727272727,3.1818181818181817,0.045454545454545456,0.18181818181818182,0.4090909090909091,0.36363636363636365,1,Emotional Spender,-0.08888022522328665,-2.7404937900073723
453,5233.42875,0.5,3.9375,0.25,0.25,0.1875,0.375,1,Emotional Spender,1.580771719545874,0.3274844508039502
454,5228.036666666667,0.5,6.444444444444445,0.16666666666666666,0.5,0.2222222222222222,0.16666666666666666,3,High Risk User,2.974655629652064,0.3182973567421495
455,4449.0868,0.44,4.96,0.2,0.28,0.28,0.32,1,Emotional Spender,1.4068585588496378,0.06380042723663969
456,4889.158947368422,0.47368421052631576,2.9473684210526314,0.3157894736842105,0.2631578947368421,0.3157894736842105,0.21052631578947367,1,Emotional Spender,1.022725514776512,0.8268294986842817
457,4491.435882352941,0.17647058823529413,3.2941176470588234,0.23529411764705882,0.11764705882352941,0.35294117647058826,0.17647058823529413,0,Stable Saver,-0.8716823361854552,-1.1886235219757988
458,3964.4595238095244,0.19047619047619047,1.2380952380952381,0.42857142857142855,0.2857142857142857,0.2857142857142857,0.09523809523809523,0,Stable Saver,-1.4382256758008276,1.3574704265150823
459,3482.771176470588,0.11764705882352941,0.8235294117647058,0.058823529411764705,0.29411764705882354,0.4117647058823529,0.35294117647058826,2,Offer Hunter,-2.9499757191073654,-0.5648083116301165
460,3460.475714285714,0.2857142857142857,2.0952380952380953,0.14285714285714285,0.3333333333333333,0.2857142857142857,0.2857142857142857,2,Offer Hunter,-1.2441080583678026,0.4341495999764749
461,8379.88125,0.3125,3.5625,0.25,0.25,0.4375,0.4375,1,Emotional Spender,1.688906412699308,-1.7667803070885415
462,6872.77625,0.3125,5.1875,0.1875,0.3125,0.4375,0.25,3,High Risk User,1.8651992938805881,-1.6002588362829808
463,5352.314210526316,0.42105263157894735,4.7368421052631575,0.21052631578947367,0.3157894736842105,0.3157894736842105,0.15789473684210525,3,High Risk User,1.6650855716726116,-0.317286683087981
464,3415.2647826086954,0.30434782608695654,4.6521739130434785,0.17391304347826086,0.2608695652173913,0.4782608695652174,0.17391304347826086,0,Stable Saver,0.11158645082937489,-0.29733670987633287
465,2685.457142857143,0.14285714285714285,1.0,0.2857142857142857,0.14285714285714285,0.14285714285714285,0.21428571428571427,0,Stable Saver,-2.811683992500002,0.5337621170837599
466,3995.9392857142857,0.5,2.5714285714285716,0.21428571428571427,0.42857142857142855,0.14285714285714285,0.21428571428571427,2,Offer Hunter,0.5879657103831265,1.6488070378711028
467,5313.277272727272,0.36363636363636365,2.727272727272727,0.3181818181818182,0.36363636363636365,0.18181818181818182,0.2727272727272727,1,Emotional Spender,0.5762239644003623,0.911324666419857
468,4716.770454545454,0.13636363636363635,1.0,0.13636363636363635,0.18181818181818182,0.09090909090909091,0.22727272727272727,2,Offer Hunter,-2.279982906263771,-1.1159045771043965
469,5385.528888888889,0.2222222222222222,2.3333333333333335,0.16666666666666666,0.16666666666666666,0.3888888888888889,0.3888888888888889,1,Emotional Spender,-0.8466212253443317,-1.305661313352308
470,3495.115909090909,0.13636363636363635,2.6363636363636362,0.13636363636363635,0.3181818181818182,0.22727272727272727,0.22727272727272727,2,Offer Hunter,-1.798191868035791,-0.286879610765378
471,5420.75923076923,0.46153846153846156,4.615384615384615,0.3076923076923077,0.5384615384615384,0.38461538461538464,0.6153846153846154,1,Emotional Spender,2.1986924306506404,1.7563083996399131
472,5832.034782608695,0.21739130434782608,4.086956521739131,0.17391304347826086,0.30434782608695654,0.34782608695652173,0.13043478260869565,3,High Risk User,0.3787251236093046,-1.386048916071826
473,3105.76125,0.375,2.1875,0.0625,0.375,0.375,0.4375,2,Offer Hunter,-0.9848571541515692,0.6702760283134375
474,5176.153,0.4,3.5,0.2,0.45,0.3,0.2,3,High Risk User,1.004190059182663,0.5198933782810313
475,4928.800714285715,0.2857142857142857,3.9285714285714284,0.35714285714285715,0.07142857142857142,0.2857142857142857,0.2857142857142857,1,Emotional Spender,0.33856436702436066,-0.5209988853646887
476,4927.1957142857145,0.35714285714285715,2.5714285714285716,0.2857142857142857,0.32142857142857145,0.2857142857142857,0.21428571428571427,1,Emotional Spender,0.23326740973422191,0.6116393606077306
477,5018.1512,0.56,6.2,0.4,0.28,0.28,0.4,1,Emotional Spender,3.2408624921851894,1.2059676904186243
478,5095.0275,0.4,6.1,0.2,0.15,0.55,0.3,1,Emotional Spender,1.908356693555901,-1.3293597749752273
479,3847.1211538461534,0.38461538461538464,4.0,0.2692307692307692,0.2692307692307692,0.4230769230769231,0.23076923076923078,1,Emotional Spender,0.5680324713976549,0.5556229441504674
480,5044.797142857143,0.047619047619047616,2.619047619047619,0.047619047619047616,0.3333333333333333,0.19047619047619047,0.14285714285714285,2,Offer Hunter,-1.7982206715080125,-1.8110789341469264
481,5187.493636363636,0.22727272727272727,3.090909090909091,0.13636363636363635,0.22727272727272727,0.4090909090909091,0.13636363636363635,0,Stable Saver,-0.4588784989824316,-1.4682278032953953
482,4318.032272727273,0.4090909090909091,4.454545454545454,0.2727272727272727,0.22727272727272727,0.5,0.22727272727272727,1,Emotional Spender,1.082363853147069,0.11421366363243628
483,5606.219285714285,0.42857142857142855,4.285714285714286,0.2857142857142857,0.2857142857142857,0.2857142857142857,0.21428571428571427,3,High Risk User,1.6787223057678835,0.042312527760862584
484,3462.463684210526,0.15789473684210525,1.105263157894737,0.21052631578947367,0.21052631578947367,0.47368421052631576,0.2631578947368421,0,Stable Saver,-2.382334324819227,-0.07131367219586986
485,4127.7225,0.5,5.3125,0.25,0.4375,0.25,0.1875,3,High Risk User,2.0707788901307063,1.257878114312038
486,4860.144736842105,0.05263157894736842,0.8947368421052632,0.21052631578947367,0.3157894736842105,0.3684210526315789,0.2631578947368421,2,Offer Hunter,-2.386373684331623,-0.49506422878789497
487,3852.3361904761905,0.23809523809523808,1.7142857142857142,0.23809523809523808,0.23809523809523808,0.42857142857142855,0.23809523809523808,0,Stable Saver,-1.4185445449399205,0.1800803793287558
488,4492.1547058823535,0.23529411764705882,1.4705882352941178,0.29411764705882354,0.35294117647058826,0.17647058823529413,0.47058823529411764,2,Offer Hunter,-1.1560185091434587,1.1030845579725619
489,4793.7477777777785,0.5,6.111111111111111,0.3333333333333333,0.3333333333333333,0.2777777777777778,0.2222222222222222,3,High Risk User,2.760420421914628,0.8310629736095845
490,5260.653333333334,0.3888888888888889,3.5,0.2222222222222222,0.2777777777777778,0.2777777777777778,0.2222222222222222,1,Emotional Spender,0.8137519171073646,-0.1786425477279299
491,4592.154444444444,0.3333333333333333,2.8333333333333335,0.2777777777777778,0.3888888888888889,0.2777777777777778,0.2777777777777778,2,Offer Hunter,0.14359298914431992,0.9661765202271952
492,4325.998333333333,0.2222222222222222,1.8333333333333333,0.1111111111111111,0.2777777777777778,0.3333333333333333,0.3333333333333333,2,Offer Hunter,-1.4898887502262252,-0.5549207183091679
493,4462.368750000001,0.25,2.7083333333333335,0.20833333333333334,0.2916666666666667,0.25,0.20833333333333334,2,Offer Hunter,-0.6491804624598189,-0.11697345484627716
494,7233.380625,0.4375,6.0625,0.1875,0.3125,0.375,0.1875,3,High Risk User,3.108263490265444,-1.5531089353703658
495,4034.7114814814818,0.25925925925925924,3.259259259259259,0.1111111111111111,0.2962962962962963,0.3333333333333333,0.18518518518518517,0,Stable Saver,-0.6629498189137362,-0.6044371985733655
496,2975.505833333333,0.4166666666666667,3.25,0.25,0.3333333333333333,0.3333333333333333,0.16666666666666666,0,Stable Saver,0.06216490145526883,1.3768691351692046
497,4609.140454545454,0.45454545454545453,3.9545454545454546,0.2727272727272727,0.2727272727272727,0.045454545454545456,0.22727272727272727,1,Emotional Spender,1.1703542785700094,0.6577529362007324
498,3433.683,0.45,1.8,0.45,0.45,0.4,0.35,1,Emotional Spender,0.2067746966680274,3.3742469299711493
499,2547.011153846154,0.38461538461538464,3.3461538461538463,0.07692307692307693,0.2692307692307692,0.34615384615384615,0.2692307692307692,2,Offer Hunter,-0.6581958472173706,0.2244017739355005
500,4078.9729999999995,0.3,2.9,0.3,0.4,0.4,0.25,2,Offer Hunter,-0.12608261540901475,1.1844039803016935
